[
  {
    "petName": "Pepe",
    "ownerName": "Reggie Tupp",
    "aptNotes": "It's time for this rabbit's post spaying surgery checkup",
    "aptDate": "2018-11-28 13:30"
  },
  {
    "petName": "Rio",
    "ownerName": "Philip Ransu",
    "aptNotes": "Rio is up for his next round of vaccinations",
    "aptDate": "2018-11-28 10:15"
  },
  {
    "petName": "Scooter",
    "ownerName": "Zachary Heilyn",
    "aptNotes": "Scooter has been pawing at his ear and may have an ear infection",
    "aptDate": "2018-11-28 14:45"
  },
  {
    "petName": "Nadalee",
    "ownerName": "Krystle Valerija",
    "aptNotes": "This dog is coming in for his monthly nail trim and grooming",
    "aptDate": "2018-11-28 16:00"
  },
  {
    "petName": "Scout",
    "ownerName": "Nicolette Bardeau",
    "aptNotes": "This dog is coming in for his annual checkup and vaccinations",
    "aptDate": "2018-11-28 9:00"
  },
  {
    "petName": "Zera",
    "ownerName": "Austin Finnagan",
    "aptNotes": "This iguana's is showing signs of dementia associated with his old age",
    "aptDate": "2018-11-29 13:15"
  },
  {
    "petName": "Oddball",
    "ownerName": "Howie Cadell",
    "aptNotes": "Oddball has a hard lump on right front foot",
    "aptDate": "2018-11-29 10:00"
  },
  {
    "petName": "Millie",
    "ownerName": "Freya Terray",
    "aptNotes": "MIllie has exhibited signs of an upset stomach and is not eating regularly",
    "aptDate": "2018-11-29 11:45"
  },
  {
    "petName": "Fluffy",
    "ownerName": "Tracy Westbay",
    "aptNotes": "Fluffy has some matted hair that needs to be groomed",
    "aptDate": "2018-11-29 14:30"
  },
  {
    "petName": "Chyna",
    "ownerName": "Sandie Gobnet",
    "aptNotes": "This turtle is coming in for a checkup and to be tested for Salmonella",
    "aptDate": "2018-11-29 16:00"
  },
  {
    "petName": "Wesley",
    "ownerName": "Nathan Cayden",
    "aptNotes": "This dog is returning for his next heartworm treatment visit",
    "aptDate": "2018-11-29 8:30"
  },
  {
    "petName": "Pax",
    "ownerName": "Sarah Greer",
    "aptNotes": "This senior dog has been sluggish and showing lethargic behavior",
    "aptDate": "2018-11-30 10:15"
  },
  {
    "petName": "Squiggles",
    "ownerName": "Madisyn Roope",
    "aptNotes": "Squiggles is due for her annual checkup and vaccinations",
    "aptDate": "2018-11-30 11:30"
  },
  {
    "petName": "Lucky",
    "ownerName": "Lisa Choy-Wu",
    "aptNotes": "This cat has tartar buildup and her owner would like his teeth cleaned",
    "aptDate": "2018-11-30 14:30"
  },
  {
    "petName": "Bailey",
    "ownerName": "Leslie Richardson",
    "aptNotes": "This cat is suffering from hotspots and dermatitis",
    "aptDate": "2018-11-30 15:45"
  },
  {
    "petName": "Kiko",
    "ownerName": "Kathlyn Zlata",
    "aptNotes": "Kiko has been exhibiting excessive thirst and weight loss for the past few weeks",
    "aptDate": "2018-11-30 9:00"
  },
  {
    "petName": "Felix",
    "ownerName": "Francine Benet",
    "aptNotes": "Felix's mom is coming in to follow up on  lab work results",
    "aptDate": "2018-12-1 13:00"
  },
  {
    "petName": "Sami",
    "ownerName": "Maggie Rickland",
    "aptNotes": "Sami has had some changes in his bathroom in habits",
    "aptDate": "2018-12-1 10:00"
  },
  {
    "petName": "Cosmo",
    "ownerName": "Jennifer Dawson",
    "aptNotes": "Cosmo's mom would like us to check for arthritic conditions and do a routine checkup",
    "aptDate": "2018-12-1 11:30"
  },
  {
    "petName": "Casper",
    "ownerName": "Dalania Devitto",
    "aptNotes": "This dog is coming in for a nail trim and grooming",
    "aptDate": "2018-12-1 15:15"
  },
  {
    "petName": "Chip",
    "ownerName": "Jason Hemlock",
    "aptNotes": "This fish has a spotty white patch developing on his back ",
    "aptDate": "2018-12-1 8:45"
  },
  {
    "petName": "Tibbs",
    "ownerName": "Shad Cayden",
    "aptNotes": "Tibbs has had an ongoing rash and cold symptoms and we are going to run allergy tests",
    "aptDate": "2018-12-2 13:30"
  },
  {
    "petName": "Stich",
    "ownerName": "Dennis Nicholback",
    "aptNotes": "Stich has been having some stomach issues and is due for his vaccinations",
    "aptDate": "2018-12-2 10:15"
  },
  {
    "petName": "Shadow",
    "ownerName": "Audry Topsy",
    "aptNotes": "This cat has a red swollen eye with a discharge",
    "aptDate": "2018-12-2 15:00"
  },
  {
    "petName": "Nugget",
    "ownerName": "Darla Branson",
    "aptNotes": "This little fish Nugget, has  a rash on his stomach area",
    "aptDate": "2018-12-2 9:00"
  }
]
